geo_key_id,geo_type,geo_value
1,county,01000
2,county,01001
3,county,01003
4,county,01005
5,county,01007
6,county,01009
7,county,01011
8,county,01013
9,county,01015
10,county,01017
11,county,01019
12,county,01021
2229,county,01023
13,county,01025
14,county,01027
2230,county,01029
15,county,01031
16,county,01033
17,county,01035
18,county,01037
2379,county,01039
2380,county,01041
19,county,01043
20,county,01045
2289,county,01047
21,county,01049
22,county,01051
2335,county,01053
23,county,01055
24,county,01057
25,county,01059
26,county,01061
2462,county,01063
27,county,01065
28,county,01067
29,county,01069
30,county,01071
31,county,01073
32,county,01075
33,county,01077
34,county,01079
35,county,01081
36,county,01083
37,county,01085
38,county,01087
39,county,01089
2433,county,01091
4134,county,01093
40,county,01095
41,county,01097
2143,county,01099
42,county,01101
43,county,01103
4433,county,01105
2115,county,01107
4434,county,01109
2463,county,01111
44,county,01113
45,county,01115
46,county,01117
2434,county,01119
47,county,01121
48,county,01123
49,county,01125
50,county,01127
2231,county,01129
4435,county,01131
2199,county,01133
51,county,02000
4436,county,02013
4437,county,02016
52,county,02020
4438,county,02050
4439,county,02060
5415,county,02063
5416,county,02066
4440,county,02068
4441,county,02070
2144,county,02090
4442,county,02100
4443,county,02105
4117,county,02110
2336,county,02122
4444,county,02130
4445,county,02150
4446,county,02158
4447,county,02164
53,county,02170
4448,county,02180
4449,county,02185
4450,county,02188
4451,county,02195
4452,county,02198
4453,county,02220
4454,county,02230
4455,county,02240
4456,county,02261
5393,county,02270
4457,county,02275
4458,county,02282
4459,county,02290
2232,county,04000
54,county,04001
55,county,04003
56,county,04005
57,county,04007
58,county,04009
59,county,04011
2233,county,04012
60,county,04013
61,county,04015
62,county,04017
63,county,04019
64,county,04021
65,county,04023
66,county,04025
67,county,04027
68,county,05000
69,county,05001
70,county,05003
71,county,05005
72,county,05007
73,county,05009
2101,county,05011
74,county,05013
75,county,05015
4460,county,05017
76,county,05019
77,county,05021
78,county,05023
79,county,05025
80,county,05027
81,county,05029
82,county,05031
83,county,05033
84,county,05035
85,county,05037
2464,county,05039
86,county,05041
87,county,05043
88,county,05045
89,county,05047
90,county,05049
91,county,05051
92,county,05053
2234,county,05055
93,county,05057
2337,county,05059
2132,county,05061
94,county,05063
95,county,05065
2381,county,05067
96,county,05069
97,county,05071
2465,county,05073
98,county,05075
99,county,05077
4461,county,05079
4462,county,05081
100,county,05083
101,county,05085
102,county,05087
2235,county,05089
103,county,05091
104,county,05093
105,county,05095
4463,county,05097
4464,county,05099
2133,county,05101
2338,county,05103
106,county,05105
107,county,05107
2339,county,05109
108,county,05111
109,county,05113
110,county,05115
111,county,05117
112,county,05119
113,county,05121
4465,county,05123
114,county,05125
4466,county,05127
2236,county,05129
115,county,05131
116,county,05133
2466,county,05135
4467,county,05137
117,county,05139
4468,county,05141
118,county,05143
119,county,05145
2237,county,05147
2134,county,05149
120,county,06000
121,county,06001
4469,county,06003
122,county,06005
123,county,06007
124,county,06009
125,county,06011
126,county,06013
4171,county,06015
127,county,06017
128,county,06019
2177,county,06021
129,county,06023
130,county,06025
2382,county,06027
131,county,06029
132,county,06031
133,county,06033
2435,county,06035
134,county,06037
135,county,06039
136,county,06041
2116,county,06043
137,county,06045
138,county,06047
4470,county,06049
4471,county,06051
139,county,06053
140,county,06055
141,county,06057
142,county,06059
143,county,06061
2383,county,06063
144,county,06065
145,county,06067
146,county,06069
147,county,06071
148,county,06073
149,county,06075
150,county,06077
151,county,06079
152,county,06081
153,county,06083
154,county,06085
155,county,06087
156,county,06089
4472,county,06091
2135,county,06093
157,county,06095
158,county,06097
159,county,06099
160,county,06101
2068,county,06103
4473,county,06105
161,county,06107
2069,county,06109
162,county,06111
163,county,06113
2022,county,06115
164,county,08000
165,county,08001
166,county,08003
167,county,08005
168,county,08007
2145,county,08009
169,county,08011
170,county,08013
4109,county,08014
171,county,08015
2117,county,08017
172,county,08019
2384,county,08021
4474,county,08023
2104,county,08025
173,county,08027
174,county,08029
175,county,08031
4475,county,08033
176,county,08035
177,county,08037
178,county,08039
179,county,08041
180,county,08043
181,county,08045
4476,county,08047
2146,county,08049
2178,county,08051
4477,county,08053
2105,county,08055
2097,county,08057
182,county,08059
4478,county,08061
2238,county,08063
183,county,08065
184,county,08067
185,county,08069
186,county,08071
4099,county,08073
187,county,08075
188,county,08077
4479,county,08079
2290,county,08081
189,county,08083
190,county,08085
2023,county,08087
2118,county,08089
4480,county,08091
2200,county,08093
4481,county,08095
191,county,08097
2239,county,08099
192,county,08101
4482,county,08103
4483,county,08105
193,county,08107
4484,county,08109
4485,county,08111
4486,county,08113
4487,county,08115
194,county,08117
195,county,08119
2240,county,08121
196,county,08123
4488,county,08125
4104,county,09000
197,county,09001
198,county,09003
199,county,09005
200,county,09007
201,county,09009
202,county,09011
203,county,09013
204,county,09015
4108,county,10000
205,county,10001
206,county,10003
207,county,10005
5249,county,11000
208,county,11001
209,county,12000
210,county,12001
211,county,12003
212,county,12005
213,county,12007
214,county,12009
215,county,12011
216,county,12013
217,county,12015
218,county,12017
219,county,12019
220,county,12021
221,county,12023
2436,county,12027
222,county,12029
223,county,12031
224,county,12033
225,county,12035
226,county,12037
227,county,12039
228,county,12041
229,county,12043
4489,county,12045
230,county,12047
231,county,12049
232,county,12051
233,county,12053
234,county,12055
235,county,12057
236,county,12059
237,county,12061
238,county,12063
239,county,12065
2147,county,12067
240,county,12069
241,county,12071
242,county,12073
243,county,12075
4490,county,12077
244,county,12079
245,county,12081
246,county,12083
247,county,12085
248,county,12086
249,county,12087
250,county,12089
251,county,12091
4491,county,12093
252,county,12095
253,county,12097
254,county,12099
255,county,12101
256,county,12103
257,county,12105
258,county,12107
259,county,12109
260,county,12111
261,county,12113
262,county,12115
263,county,12117
264,county,12119
265,county,12121
266,county,12123
4492,county,12125
267,county,12127
4174,county,12129
268,county,12131
4493,county,12133
269,county,13000
270,county,13001
271,county,13003
272,county,13005
273,county,13007
274,county,13009
275,county,13011
276,county,13013
277,county,13015
278,county,13017
279,county,13019
280,county,13021
281,county,13023
282,county,13025
283,county,13027
284,county,13029
285,county,13031
286,county,13033
287,county,13035
288,county,13037
289,county,13039
2201,county,13043
290,county,13045
291,county,13047
4494,county,13049
292,county,13051
4495,county,13053
293,county,13055
294,county,13057
295,county,13059
296,county,13061
297,county,13063
298,county,13065
299,county,13067
300,county,13069
301,county,13071
302,county,13073
303,county,13075
304,county,13077
305,county,13079
306,county,13081
307,county,13083
308,county,13085
309,county,13087
310,county,13089
311,county,13091
312,county,13093
313,county,13095
314,county,13097
315,county,13099
316,county,13101
317,county,13103
318,county,13105
319,county,13107
320,county,13109
321,county,13111
322,county,13113
323,county,13115
324,county,13117
325,county,13119
326,county,13121
327,county,13123
328,county,13125
329,county,13127
2060,county,13129
330,county,13131
331,county,13133
332,county,13135
333,county,13137
334,county,13139
4496,county,13141
335,county,13143
336,county,13145
337,county,13147
4497,county,13149
338,county,13151
339,county,13153
340,county,13155
341,county,13157
342,county,13159
4498,county,13161
343,county,13163
4499,county,13165
344,county,13167
345,county,13169
346,county,13171
2340,county,13173
347,county,13175
2341,county,13177
348,county,13179
349,county,13181
350,county,13183
351,county,13185
4500,county,13187
2241,county,13189
352,county,13191
353,county,13193
354,county,13195
355,county,13197
356,county,13199
4501,county,13201
4502,county,13205
4503,county,13207
357,county,13209
358,county,13211
359,county,13213
360,county,13215
361,county,13217
4504,county,13219
2024,county,13221
362,county,13223
4505,county,13225
4506,county,13227
363,county,13229
364,county,13231
4156,county,13233
4507,county,13235
4508,county,13237
4509,county,13239
365,county,13241
4510,county,13243
366,county,13245
4118,county,13247
367,county,13249
368,county,13251
4511,county,13253
4119,county,13255
4512,county,13257
2342,county,13259
369,county,13261
2242,county,13263
4513,county,13265
4514,county,13267
2025,county,13269
370,county,13271
4515,county,13273
371,county,13275
372,county,13277
4516,county,13279
373,county,13281
4517,county,13283
374,county,13285
4518,county,13287
2202,county,13289
2385,county,13291
375,county,13293
376,county,13295
377,county,13297
378,county,13299
4519,county,13301
2148,county,13303
379,county,13305
4520,county,13307
4521,county,13309
4522,county,13311
380,county,13313
2291,county,13315
381,county,13317
2119,county,13319
4523,county,13321
2090,county,15000
382,county,15001
383,county,15003
4524,county,15005
384,county,15007
385,county,15009
386,county,16000
387,county,16001
4525,county,16003
388,county,16005
2149,county,16007
4526,county,16009
389,county,16011
390,county,16013
4527,county,16015
391,county,16017
392,county,16019
4528,county,16021
4529,county,16023
4530,county,16025
393,county,16027
4531,county,16029
394,county,16031
4532,county,16033
4533,county,16035
4534,county,16037
2292,county,16039
2243,county,16041
395,county,16043
396,county,16045
397,county,16047
4535,county,16049
4157,county,16051
398,county,16053
399,county,16055
400,county,16057
4536,county,16059
4537,county,16061
4538,county,16063
4120,county,16065
2150,county,16067
2244,county,16069
4539,county,16071
2151,county,16073
401,county,16075
4540,county,16077
4541,county,16079
4542,county,16081
402,county,16083
4543,county,16085
2343,county,16087
403,county,17000
404,county,17001
405,county,17003
406,county,17005
407,county,17007
4544,county,17009
408,county,17011
2245,county,17013
409,county,17015
410,county,17017
411,county,17019
412,county,17021
413,county,17023
414,county,17025
415,county,17027
416,county,17029
417,county,17031
2203,county,17033
2066,county,17035
418,county,17037
419,county,17039
4545,county,17041
420,county,17043
2026,county,17045
2414,county,17047
421,county,17049
422,county,17051
423,county,17053
424,county,17055
425,county,17057
2152,county,17059
426,county,17061
427,county,17063
2153,county,17065
428,county,17067
4546,county,17069
2437,county,17071
429,county,17073
430,county,17075
431,county,17077
2246,county,17079
432,county,17081
433,county,17083
434,county,17085
435,county,17087
436,county,17089
437,county,17091
438,county,17093
439,county,17095
440,county,17097
441,county,17099
442,county,17101
443,county,17103
444,county,17105
445,county,17107
446,county,17109
447,county,17111
448,county,17113
449,county,17115
450,county,17117
451,county,17119
452,county,17121
453,county,17123
454,county,17125
455,county,17127
2293,county,17129
456,county,17131
457,county,17133
458,county,17135
459,county,17137
4547,county,17139
460,county,17141
461,county,17143
462,county,17145
463,county,17147
2099,county,17149
4548,county,17151
2386,county,17153
2499,county,17155
464,county,17157
2102,county,17159
465,county,17161
466,county,17163
467,county,17165
468,county,17167
2247,county,17169
4549,county,17171
2154,county,17173
4550,county,17175
469,county,17177
470,county,17179
471,county,17181
472,county,17183
2136,county,17185
473,county,17187
2387,county,17189
2294,county,17191
2248,county,17193
474,county,17195
475,county,17197
476,county,17199
477,county,17201
2415,county,17203
478,county,18000
479,county,18001
480,county,18003
481,county,18005
482,county,18007
483,county,18009
484,county,18011
485,county,18013
486,county,18015
487,county,18017
488,county,18019
489,county,18021
2204,county,18023
490,county,18025
491,county,18027
492,county,18029
493,county,18031
494,county,18033
495,county,18035
496,county,18037
497,county,18039
498,county,18041
499,county,18043
500,county,18045
501,county,18047
502,county,18049
503,county,18051
504,county,18053
505,county,18055
506,county,18057
507,county,18059
508,county,18061
509,county,18063
510,county,18065
511,county,18067
512,county,18069
513,county,18071
514,county,18073
515,county,18075
516,county,18077
517,county,18079
518,county,18081
519,county,18083
520,county,18085
521,county,18087
522,county,18089
523,county,18091
524,county,18093
525,county,18095
526,county,18097
527,county,18099
4551,county,18101
528,county,18103
529,county,18105
2071,county,18107
530,county,18109
2155,county,18111
531,county,18113
2344,county,18115
2205,county,18117
4167,county,18119
532,county,18121
533,county,18123
534,county,18125
535,county,18127
536,county,18129
2077,county,18131
2388,county,18133
537,county,18135
2295,county,18137
2467,county,18139
538,county,18141
4158,county,18143
539,county,18145
540,county,18147
2249,county,18149
541,county,18151
2048,county,18153
4552,county,18155
542,county,18157
2345,county,18159
4553,county,18161
543,county,18163
544,county,18165
545,county,18167
4135,county,18169
2346,county,18171
546,county,18173
547,county,18175
548,county,18177
2468,county,18179
4554,county,18181
4159,county,18183
549,county,19000
550,county,19001
4555,county,19003
2078,county,19005
551,county,19007
552,county,19009
553,county,19011
554,county,19013
555,county,19015
556,county,19017
557,county,19019
4556,county,19021
558,county,19023
4557,county,19025
559,county,19027
4558,county,19029
560,county,19031
561,county,19033
2206,county,19035
562,county,19037
563,county,19039
2416,county,19041
564,county,19043
565,county,19045
2156,county,19047
566,county,19049
567,county,19051
2347,county,19053
568,county,19055
569,county,19057
570,county,19059
571,county,19061
4559,county,19063
2417,county,19065
2250,county,19067
2157,county,19069
2481,county,19071
2389,county,19073
572,county,19075
4560,county,19077
2103,county,19079
573,county,19081
4561,county,19083
574,county,19085
2027,county,19087
2137,county,19089
2296,county,19091
4562,county,19093
575,county,19095
4563,county,19097
576,county,19099
577,county,19101
578,county,19103
2228,county,19105
2390,county,19107
2418,county,19109
579,county,19111
580,county,19113
581,county,19115
2419,county,19117
582,county,19119
583,county,19121
584,county,19123
585,county,19125
586,county,19127
587,county,19129
4564,county,19131
2120,county,19133
2348,county,19135
2251,county,19137
588,county,19139
4565,county,19141
4566,county,19143
4567,county,19145
4568,county,19147
589,county,19149
4569,county,19151
590,county,19153
591,county,19155
2469,county,19157
4570,county,19159
4571,county,19161
592,county,19163
2297,county,19165
2349,county,19167
593,county,19169
4572,county,19171
4573,county,19173
4574,county,19175
4575,county,19177
4121,county,19179
594,county,19181
2491,county,19183
4576,county,19185
595,county,19187
4577,county,19189
4578,county,19191
596,county,19193
4579,county,19195
4580,county,19197
597,county,20000
598,county,20001
2110,county,20003
599,county,20005
4581,county,20007
600,county,20009
601,county,20011
602,county,20013
603,county,20015
604,county,20017
2076,county,20019
605,county,20021
4582,county,20023
2298,county,20025
606,county,20027
607,county,20029
2121,county,20031
4583,county,20033
608,county,20035
2028,county,20037
2391,county,20039
609,county,20041
2111,county,20043
610,county,20045
611,county,20047
4584,county,20049
612,county,20051
2350,county,20053
613,county,20055
614,county,20057
615,county,20059
616,county,20061
4585,county,20063
4586,county,20065
617,county,20067
4587,county,20069
4588,county,20071
4589,county,20073
4590,county,20075
2470,county,20077
618,county,20079
4591,county,20081
4592,county,20083
619,county,20085
620,county,20087
4593,county,20089
621,county,20091
4594,county,20093
622,county,20095
4595,county,20097
623,county,20099
4596,county,20101
624,county,20103
4597,county,20105
625,county,20107
2351,county,20109
2207,county,20111
626,county,20113
627,county,20115
628,county,20117
4598,county,20119
629,county,20121
4599,county,20123
630,county,20125
4600,county,20127
2179,county,20129
2420,county,20131
4601,county,20133
4602,county,20135
4603,county,20137
631,county,20139
4604,county,20141
632,county,20143
633,county,20145
2421,county,20147
2029,county,20149
2252,county,20151
2138,county,20153
634,county,20155
4605,county,20157
635,county,20159
636,county,20161
4606,county,20163
4607,county,20165
4608,county,20167
4122,county,20169
4609,county,20171
637,county,20173
638,county,20175
639,county,20177
4610,county,20179
4611,county,20181
4612,county,20183
4613,county,20185
4614,county,20187
4615,county,20189
640,county,20191
4616,county,20193
4617,county,20195
2438,county,20197
4618,county,20199
4619,county,20201
4620,county,20203
641,county,20205
4621,county,20207
642,county,20209
643,county,21000
644,county,21001
645,county,21003
646,county,21005
2030,county,21007
647,county,21009
648,county,21011
649,county,21013
650,county,21015
651,county,21017
652,county,21019
653,county,21021
654,county,21023
655,county,21025
656,county,21027
657,county,21029
658,county,21031
659,county,21033
660,county,21035
661,county,21037
2392,county,21039
662,county,21041
663,county,21043
664,county,21045
665,county,21047
666,county,21049
667,county,21051
668,county,21053
2439,county,21055
2471,county,21057
669,county,21059
2299,county,21061
2352,county,21063
670,county,21065
671,county,21067
672,county,21069
673,county,21071
2353,county,21073
2393,county,21075
4622,county,21077
674,county,21079
675,county,21081
676,county,21083
2180,county,21085
2354,county,21087
677,county,21089
4623,county,21091
678,county,21093
679,county,21095
4624,county,21097
2300,county,21099
2253,county,21101
680,county,21103
4625,county,21105
681,county,21107
682,county,21109
683,county,21111
684,county,21113
685,county,21115
686,county,21117
687,county,21119
688,county,21121
4626,county,21123
2181,county,21125
4627,county,21127
4628,county,21129
2254,county,21131
689,county,21133
4629,county,21135
2301,county,21137
2394,county,21139
690,county,21141
2255,county,21143
691,county,21145
692,county,21147
2256,county,21149
693,county,21151
4630,county,21153
694,county,21155
2440,county,21157
2395,county,21159
4631,county,21161
695,county,21163
4632,county,21165
4633,county,21167
4634,county,21169
4635,county,21171
4123,county,21173
4636,county,21175
696,county,21177
697,county,21179
4637,county,21181
2257,county,21183
698,county,21185
2302,county,21187
4638,county,21189
4639,county,21191
2303,county,21193
699,county,21195
4640,county,21197
700,county,21199
4641,county,21201
4642,county,21203
4136,county,21205
2441,county,21207
4110,county,21209
2208,county,21211
701,county,21213
4643,county,21215
4168,county,21217
4644,county,21219
4645,county,21221
4646,county,21223
2442,county,21225
702,county,21227
4647,county,21229
4648,county,21231
2443,county,21233
2355,county,21235
4649,county,21237
4137,county,21239
703,county,22000
704,county,22001
705,county,22003
706,county,22005
707,county,22007
708,county,22009
709,county,22011
710,county,22013
711,county,22015
712,county,22017
713,county,22019
714,county,22021
715,county,22023
716,county,22025
717,county,22027
718,county,22029
719,county,22031
720,county,22033
721,county,22035
722,county,22037
723,county,22039
724,county,22041
725,county,22043
726,county,22045
727,county,22047
728,county,22049
729,county,22051
730,county,22053
731,county,22055
732,county,22057
733,county,22059
734,county,22061
735,county,22063
736,county,22065
737,county,22067
738,county,22069
739,county,22071
740,county,22073
741,county,22075
742,county,22077
743,county,22079
4650,county,22081
2472,county,22083
744,county,22085
745,county,22087
746,county,22089
747,county,22091
748,county,22093
749,county,22095
750,county,22097
2473,county,22099
751,county,22101
752,county,22103
753,county,22105
754,county,22107
755,county,22109
756,county,22111
757,county,22113
758,county,22115
759,county,22117
2084,county,22119
760,county,22121
2396,county,22123
761,county,22125
762,county,22127
763,county,23000
764,county,23001
765,county,23003
766,county,23005
767,county,23007
768,county,23009
769,county,23011
770,county,23013
771,county,23015
772,county,23017
773,county,23019
4651,county,23021
774,county,23023
775,county,23025
776,county,23027
4103,county,23029
777,county,23031
2088,county,24000
778,county,24001
779,county,24003
780,county,24005
781,county,24009
782,county,24011
783,county,24013
784,county,24015
785,county,24017
786,county,24019
787,county,24021
788,county,24023
789,county,24025
790,county,24027
791,county,24029
792,county,24031
793,county,24033
794,county,24035
795,county,24037
796,county,24039
797,county,24041
798,county,24043
799,county,24045
800,county,24047
801,county,24510
3238,county,25000
802,county,25001
803,county,25003
804,county,25005
4652,county,25007
805,county,25009
806,county,25011
807,county,25013
808,county,25015
809,county,25017
4653,county,25019
810,county,25021
811,county,25023
812,county,25025
813,county,25027
814,county,26000
2444,county,26001
4654,county,26003
815,county,26005
2356,county,26007
816,county,26009
2209,county,26011
4655,county,26013
817,county,26015
818,county,26017
819,county,26019
820,county,26021
821,county,26023
822,county,26025
823,county,26027
2492,county,26029
2139,county,26031
2258,county,26033
824,county,26035
825,county,26037
2304,county,26039
2079,county,26041
826,county,26043
827,county,26045
4138,county,26047
828,county,26049
4656,county,26051
4096,county,26053
829,county,26055
830,county,26057
831,county,26059
2474,county,26061
832,county,26063
833,county,26065
834,county,26067
4160,county,26069
4657,county,26071
2031,county,26073
835,county,26075
836,county,26077
2497,county,26079
837,county,26081
4658,county,26083
2082,county,26085
838,county,26087
2432,county,26089
839,county,26091
840,county,26093
4659,county,26095
4660,county,26097
841,county,26099
2063,county,26101
842,county,26103
2259,county,26105
843,county,26107
2049,county,26109
2050,county,26111
4661,county,26113
844,county,26115
4124,county,26117
4662,county,26119
845,county,26121
4139,county,26123
846,county,26125
4179,county,26127
4663,county,26129
4664,county,26131
4665,county,26133
4666,county,26135
2397,county,26137
847,county,26139
4667,county,26141
4100,county,26143
848,county,26145
849,county,26147
850,county,26149
851,county,26151
4668,county,26153
4111,county,26155
2182,county,26157
852,county,26159
853,county,26161
854,county,26163
4140,county,26165
855,county,27000
856,county,27001
857,county,27003
858,county,27005
2051,county,27007
859,county,27009
4669,county,27011
860,county,27013
4161,county,27015
861,county,27017
862,county,27019
863,county,27021
4670,county,27023
864,county,27025
865,county,27027
4671,county,27029
4672,county,27031
4098,county,27033
2183,county,27035
866,county,27037
2260,county,27039
867,county,27041
4673,county,27043
2398,county,27045
2261,county,27047
2493,county,27049
4674,county,27051
868,county,27053
4675,county,27055
4676,county,27057
2399,county,27059
869,county,27061
4677,county,27063
4678,county,27065
870,county,27067
4679,county,27069
2227,county,27071
4680,county,27073
2210,county,27075
4681,county,27077
871,county,27079
4682,county,27081
872,county,27083
873,county,27085
4683,county,27087
874,county,27089
4162,county,27091
2445,county,27093
4163,county,27095
875,county,27097
4125,county,27099
4684,county,27101
4141,county,27103
4685,county,27105
4686,county,27107
876,county,27109
877,county,27111
4687,county,27113
2446,county,27115
4688,county,27117
2305,county,27119
4689,county,27121
878,county,27123
4690,county,27125
4691,county,27127
4692,county,27129
879,county,27131
4693,county,27133
4694,county,27135
880,county,27137
881,county,27139
882,county,27141
4695,county,27143
883,county,27145
2306,county,27147
4696,county,27149
4697,county,27151
4698,county,27153
4699,county,27155
4700,county,27157
4701,county,27159
4702,county,27161
884,county,27163
4703,county,27165
4704,county,27167
2059,county,27169
885,county,27171
4705,county,27173
886,county,28000
887,county,28001
888,county,28003
889,county,28005
890,county,28007
891,county,28009
892,county,28011
893,county,28013
894,county,28015
895,county,28017
896,county,28019
897,county,28021
898,county,28023
899,county,28025
900,county,28027
901,county,28029
902,county,28031
903,county,28033
904,county,28035
905,county,28037
4706,county,28039
906,county,28041
907,county,28043
908,county,28045
909,county,28047
910,county,28049
911,county,28051
912,county,28053
913,county,28055
914,county,28057
915,county,28059
916,county,28061
2184,county,28063
917,county,28065
918,county,28067
919,county,28069
920,county,28071
4112,county,28073
921,county,28075
922,county,28077
923,county,28079
924,county,28081
925,county,28083
926,county,28085
927,county,28087
928,county,28089
929,county,28091
2357,county,28093
930,county,28095
4707,county,28097
2494,county,28099
931,county,28101
2422,county,28103
4126,county,28105
932,county,28107
4127,county,28109
4708,county,28111
933,county,28113
934,county,28115
935,county,28117
2158,county,28119
936,county,28121
937,county,28123
938,county,28125
939,county,28127
940,county,28129
4709,county,28131
941,county,28133
942,county,28135
4710,county,28137
2475,county,28139
943,county,28141
944,county,28143
4142,county,28145
4711,county,28147
945,county,28149
946,county,28151
2447,county,28153
4712,county,28155
2423,county,28157
947,county,28159
4713,county,28161
948,county,28163
949,county,29000
950,county,29001
951,county,29003
2140,county,29005
952,county,29007
953,county,29009
954,county,29011
955,county,29013
956,county,29015
957,county,29017
958,county,29019
959,county,29021
960,county,29023
961,county,29025
962,county,29027
963,county,29029
964,county,29031
965,county,29033
2307,county,29035
966,county,29037
967,county,29039
968,county,29041
969,county,29043
970,county,29045
971,county,29047
2185,county,29049
972,county,29051
973,county,29053
974,county,29055
975,county,29057
976,county,29059
977,county,29061
2448,county,29063
978,county,29065
2211,county,29067
979,county,29069
980,county,29071
981,county,29073
2159,county,29075
982,county,29077
4714,county,29079
983,county,29081
984,county,29083
2212,county,29085
2213,county,29087
985,county,29089
986,county,29091
987,county,29093
988,county,29095
989,county,29097
990,county,29099
991,county,29101
2308,county,29103
2309,county,29105
992,county,29107
993,county,29109
2310,county,29111
994,county,29113
2214,county,29115
4715,county,29117
995,county,29119
996,county,29121
997,county,29123
998,county,29125
999,county,29127
2482,county,29129
1000,county,29131
1001,county,29133
1002,county,29135
1003,county,29137
2122,county,29139
1004,county,29141
1005,county,29143
2186,county,29145
1006,county,29147
1007,county,29149
1008,county,29151
1009,county,29153
1010,county,29155
2106,county,29157
1011,county,29159
2187,county,29161
1012,county,29163
1013,county,29165
1014,county,29167
1015,county,29169
2032,county,29171
4716,county,29173
1016,county,29175
1017,county,29177
1018,county,29179
1019,county,29181
1020,county,29183
2215,county,29185
1021,county,29186
1022,county,29187
1023,county,29189
2098,county,29195
2216,county,29197
4717,county,29199
2033,county,29201
1024,county,29203
2358,county,29205
1025,county,29207
1026,county,29209
2160,county,29211
1027,county,29213
1028,county,29215
1029,county,29217
4143,county,29219
1030,county,29221
2034,county,29223
1031,county,29225
4718,county,29227
2262,county,29229
1032,county,29510
1033,county,30000
4719,county,30001
1034,county,30003
1035,county,30005
2311,county,30007
2312,county,30009
4720,county,30011
1036,county,30013
4721,county,30015
2359,county,30017
4722,county,30019
2107,county,30021
4723,county,30023
4724,county,30025
4725,county,30027
1037,county,30029
1038,county,30031
4726,county,30033
4727,county,30035
4728,county,30037
4729,county,30039
4730,county,30041
1039,county,30043
4731,county,30045
4144,county,30047
2035,county,30049
4732,county,30051
4733,county,30053
4734,county,30055
4735,county,30057
4736,county,30059
4737,county,30061
1040,county,30063
4738,county,30065
2424,county,30067
4739,county,30069
4740,county,30071
4741,county,30073
4742,county,30075
4743,county,30077
4744,county,30079
1041,county,30081
2313,county,30083
4745,county,30085
4746,county,30087
4747,county,30089
4748,county,30091
4128,county,30093
4749,county,30095
4750,county,30097
4751,county,30099
4752,county,30101
4753,county,30103
4754,county,30105
4755,county,30107
4756,county,30109
1042,county,30111
1043,county,31000
1044,county,31001
1045,county,31003
4757,county,31005
2449,county,31007
4758,county,31009
2217,county,31011
1046,county,31013
4759,county,31015
2360,county,31017
1047,county,31019
1048,county,31021
1049,county,31023
1050,county,31025
1051,county,31027
2112,county,31029
2218,county,31031
1052,county,31033
1053,county,31035
2072,county,31037
1054,county,31039
1055,county,31041
1056,county,31043
1057,county,31045
1058,county,31047
4760,county,31049
1059,county,31051
1060,county,31053
1061,county,31055
4761,county,31057
2263,county,31059
2264,county,31061
1062,county,31063
4762,county,31065
1063,county,31067
4763,county,31069
4764,county,31071
4765,county,31073
4766,county,31075
4767,county,31077
1064,county,31079
2265,county,31081
1065,county,31083
4768,county,31085
4769,county,31087
1066,county,31089
4770,county,31091
1067,county,31093
1068,county,31095
2052,county,31097
1069,county,31099
1070,county,31101
4771,county,31103
4772,county,31105
4773,county,31107
1071,county,31109
1072,county,31111
4774,county,31113
4775,county,31115
4776,county,31117
1073,county,31119
1074,county,31121
2036,county,31123
4777,county,31125
2053,county,31127
4778,county,31129
1075,county,31131
4779,county,31133
4780,county,31135
4781,county,31137
2314,county,31139
4145,county,31141
4782,county,31143
2087,county,31145
1076,county,31147
4783,county,31149
2161,county,31151
1077,county,31153
1078,county,31155
1079,county,31157
1080,county,31159
4784,county,31161
4785,county,31163
4786,county,31165
2476,county,31167
4787,county,31169
4788,county,31171
4789,county,31173
4790,county,31175
1081,county,31177
4791,county,31179
2188,county,31181
4792,county,31183
1082,county,31185
2067,county,32000
1083,county,32001
1084,county,32003
1085,county,32005
1086,county,32007
2123,county,32009
4793,county,32011
4794,county,32013
4795,county,32015
4796,county,32017
1087,county,32019
4797,county,32021
1088,county,32023
4798,county,32027
1089,county,32029
1090,county,32031
4799,county,32033
4113,county,32510
2089,county,33000
1091,county,33001
1092,county,33003
1093,county,33005
1094,county,33007
1095,county,33009
1096,county,33011
1097,county,33013
1098,county,33015
1099,county,33017
1100,county,33019
2093,county,34000
1101,county,34001
1102,county,34003
1103,county,34005
1104,county,34007
1105,county,34009
1106,county,34011
1107,county,34013
1108,county,34015
1109,county,34017
1110,county,34019
1111,county,34021
1112,county,34023
1113,county,34025
1114,county,34027
1115,county,34029
1116,county,34031
1117,county,34033
1118,county,34035
1119,county,34037
1120,county,34039
1121,county,34041
1122,county,35000
1123,county,35001
4800,county,35003
1124,county,35005
2037,county,35006
1125,county,35007
1126,county,35009
4801,county,35011
1127,county,35013
1128,county,35015
1129,county,35017
4802,county,35019
4803,county,35021
2083,county,35023
1130,county,35025
2315,county,35027
2483,county,35028
1131,county,35029
2124,county,35031
4804,county,35033
1132,county,35035
2091,county,35037
1133,county,35039
4805,county,35041
1134,county,35043
1135,county,35045
1136,county,35047
1137,county,35049
1138,county,35051
1139,county,35053
1140,county,35055
4806,county,35057
4807,county,35059
1141,county,35061
1142,county,36000
1143,county,36001
1144,county,36003
1145,county,36005
1146,county,36007
1147,county,36009
1148,county,36011
1149,county,36013
1150,county,36015
1151,county,36017
1152,county,36019
1153,county,36021
1154,county,36023
1155,county,36025
1156,county,36027
1157,county,36029
1158,county,36031
1159,county,36033
1160,county,36035
1161,county,36037
1162,county,36039
2162,county,36041
1163,county,36043
1164,county,36045
1165,county,36047
1166,county,36049
1167,county,36051
1168,county,36053
1169,county,36055
1170,county,36057
1171,county,36059
1172,county,36061
1173,county,36063
1174,county,36065
1175,county,36067
1176,county,36069
1177,county,36071
1178,county,36073
1179,county,36075
1180,county,36077
1181,county,36079
1182,county,36081
1183,county,36083
1184,county,36085
1185,county,36087
1186,county,36089
1187,county,36091
1188,county,36093
1189,county,36095
1190,county,36097
1191,county,36099
1192,county,36101
1193,county,36103
1194,county,36105
1195,county,36107
1196,county,36109
1197,county,36111
1198,county,36113
1199,county,36115
1200,county,36117
1201,county,36119
1202,county,36121
1203,county,36123
1204,county,37000
1205,county,37001
1206,county,37003
1207,county,37005
1208,county,37007
1209,county,37009
1210,county,37011
1211,county,37013
1212,county,37015
1213,county,37017
1214,county,37019
1215,county,37021
1216,county,37023
1217,county,37025
1218,county,37027
1219,county,37029
1220,county,37031
1221,county,37033
1222,county,37035
1223,county,37037
1224,county,37039
1225,county,37041
1226,county,37043
1227,county,37045
1228,county,37047
1229,county,37049
1230,county,37051
1231,county,37053
1232,county,37055
1233,county,37057
1234,county,37059
1235,county,37061
1236,county,37063
1237,county,37065
1238,county,37067
1239,county,37069
1240,county,37071
2266,county,37073
2096,county,37075
1241,county,37077
1242,county,37079
1243,county,37081
1244,county,37083
1245,county,37085
1246,county,37087
1247,county,37089
1248,county,37091
1249,county,37093
2425,county,37095
1250,county,37097
1251,county,37099
1252,county,37101
1253,county,37103
4146,county,37105
4164,county,37107
4129,county,37109
1254,county,37111
1255,county,37113
1256,county,37115
1257,county,37117
1258,county,37119
2267,county,37121
1259,county,37123
1260,county,37125
1261,county,37127
1262,county,37129
1263,county,37131
1264,county,37133
1265,county,37135
1266,county,37137
4175,county,37139
1267,county,37141
4808,county,37143
1268,county,37145
1269,county,37147
1270,county,37149
1271,county,37151
1272,county,37153
1273,county,37155
1274,county,37157
1275,county,37159
1276,county,37161
1277,county,37163
2268,county,37165
1278,county,37167
1279,county,37169
1280,county,37171
4809,county,37173
1281,county,37175
2269,county,37177
1282,county,37179
1283,county,37181
1284,county,37183
4810,county,37185
2270,county,37187
1285,county,37189
1286,county,37191
1287,county,37193
1288,county,37195
1289,county,37197
4811,county,37199
1290,county,38000
4812,county,38001
2085,county,38003
4813,county,38005
4814,county,38007
4815,county,38009
4816,county,38011
4817,county,38013
1291,county,38015
1292,county,38017
4818,county,38019
4819,county,38021
4820,county,38023
1293,county,38025
4821,county,38027
4822,county,38029
4823,county,38031
4824,county,38033
1294,county,38035
4825,county,38037
4826,county,38039
4827,county,38041
4828,county,38043
4829,county,38045
4830,county,38047
4831,county,38049
4832,county,38051
1295,county,38053
4833,county,38055
4834,county,38057
1296,county,38059
4835,county,38061
4836,county,38063
4837,county,38065
4838,county,38067
4839,county,38069
4840,county,38071
4841,county,38073
4842,county,38075
2426,county,38077
4843,county,38079
4844,county,38081
4845,county,38083
4846,county,38085
4847,county,38087
4147,county,38089
4848,county,38091
4097,county,38093
4849,county,38095
4850,county,38097
4851,county,38099
1297,county,38101
4852,county,38103
1298,county,38105
1299,county,39000
1300,county,39001
1301,county,39003
1302,county,39005
1303,county,39007
1304,county,39009
1305,county,39011
1306,county,39013
1307,county,39015
1308,county,39017
1309,county,39019
1310,county,39021
1311,county,39023
1312,county,39025
1313,county,39027
1314,county,39029
1315,county,39031
1316,county,39033
1317,county,39035
1318,county,39037
1319,county,39039
1320,county,39041
1321,county,39043
1322,county,39045
1323,county,39047
1324,county,39049
1325,county,39051
1326,county,39053
1327,county,39055
1328,county,39057
1329,county,39059
1330,county,39061
1331,county,39063
1332,county,39065
1333,county,39067
2316,county,39069
2450,county,39071
1334,county,39073
2062,county,39075
1335,county,39077
1336,county,39079
1337,county,39081
1338,county,39083
1339,county,39085
1340,county,39087
1341,county,39089
1342,county,39091
1343,county,39093
1344,county,39095
1345,county,39097
1346,county,39099
2080,county,39101
1347,county,39103
1348,county,39105
2317,county,39107
1349,county,39109
1350,county,39111
1351,county,39113
1352,county,39115
1353,county,39117
1354,county,39119
4853,county,39121
1355,county,39123
1356,county,39125
1357,county,39127
1358,county,39129
1359,county,39131
1360,county,39133
1361,county,39135
2318,county,39137
1362,county,39139
2038,county,39141
1363,county,39143
1364,county,39145
1365,county,39147
2361,county,39149
1366,county,39151
1367,county,39153
1368,county,39155
1369,county,39157
4148,county,39159
1370,county,39161
1371,county,39163
1372,county,39165
1373,county,39167
1374,county,39169
2427,county,39171
1375,county,39173
2271,county,39175
1376,county,40000
2065,county,40001
4854,county,40003
2272,county,40005
4855,county,40007
2125,county,40009
2081,county,40011
1377,county,40013
1378,county,40015
1379,county,40017
1380,county,40019
1381,county,40021
2451,county,40023
4856,county,40025
1382,county,40027
4857,county,40029
1383,county,40031
4858,county,40033
1384,county,40035
1385,county,40037
1386,county,40039
1387,county,40041
4859,county,40043
4860,county,40045
1388,county,40047
1389,county,40049
1390,county,40051
4861,county,40053
4862,county,40055
4863,county,40057
4864,county,40059
2273,county,40061
2219,county,40063
1391,county,40065
4865,county,40067
1392,county,40069
1393,county,40071
1394,county,40073
2362,county,40075
2400,county,40077
1395,county,40079
1396,county,40081
1397,county,40083
1398,county,40085
1399,county,40087
2319,county,40089
1400,county,40091
4866,county,40093
2189,county,40095
1401,county,40097
2401,county,40099
1402,county,40101
1403,county,40103
1404,county,40105
1405,county,40107
1406,county,40109
2113,county,40111
1407,county,40113
2190,county,40115
2363,county,40117
1408,county,40119
1409,county,40121
4130,county,40123
1410,county,40125
4867,county,40127
4868,county,40129
1411,county,40131
1412,county,40133
1413,county,40135
1414,county,40137
2163,county,40139
4869,county,40141
1415,county,40143
1416,county,40145
4114,county,40147
2274,county,40149
4870,county,40151
2275,county,40153
1417,county,41000
2191,county,41001
1418,county,41003
1419,county,41005
1420,county,41007
1421,county,41009
1422,county,41011
1423,county,41013
2164,county,41015
1424,county,41017
1425,county,41019
4871,county,41021
4872,county,41023
4873,county,41025
1426,county,41027
1427,county,41029
2484,county,41031
2477,county,41033
1428,county,41035
4874,county,41037
1429,county,41039
1430,county,41041
1431,county,41043
2364,county,41045
1432,county,41047
1433,county,41049
1434,county,41051
1435,county,41053
4875,county,41055
2402,county,41057
1436,county,41059
2100,county,41061
4876,county,41063
2039,county,41065
1437,county,41067
4877,county,41069
1438,county,41071
1439,county,42000
1440,county,42001
1441,county,42003
1442,county,42005
1443,county,42007
1444,county,42009
1445,county,42011
1446,county,42013
1447,county,42015
1448,county,42017
1449,county,42019
1450,county,42021
4878,county,42023
1451,county,42025
1452,county,42027
1453,county,42029
1454,county,42031
1455,county,42033
1456,county,42035
1457,county,42037
1458,county,42039
1459,county,42041
1460,county,42043
1461,county,42045
1462,county,42047
1463,county,42049
1464,county,42051
2365,county,42053
1465,county,42055
1466,county,42057
1467,county,42059
1468,county,42061
1469,county,42063
4879,county,42065
2054,county,42067
1470,county,42069
1471,county,42071
1472,county,42073
1473,county,42075
1474,county,42077
1475,county,42079
1476,county,42081
1477,county,42083
1478,county,42085
2075,county,42087
1479,county,42089
1480,county,42091
4880,county,42093
1481,county,42095
2165,county,42097
1482,county,42099
1483,county,42101
1484,county,42103
2073,county,42105
1485,county,42107
2366,county,42109
1486,county,42111
4881,county,42113
1487,county,42115
1488,county,42117
4172,county,42119
1489,county,42121
1490,county,42123
1491,county,42125
2070,county,42127
1492,county,42129
4177,county,42131
1493,county,42133
4105,county,44000
1494,county,44001
1495,county,44003
1496,county,44005
1497,county,44007
1498,county,44009
1499,county,45000
1500,county,45001
1501,county,45003
1502,county,45005
1503,county,45007
1504,county,45009
4882,county,45011
1505,county,45013
1506,county,45015
1507,county,45017
1508,county,45019
1509,county,45021
1510,county,45023
1511,county,45025
1512,county,45027
1513,county,45029
1514,county,45031
1515,county,45033
1516,county,45035
1517,county,45037
1518,county,45039
1519,county,45041
1520,county,45043
1521,county,45045
2055,county,45047
1522,county,45049
1523,county,45051
1524,county,45053
1525,county,45055
1526,county,45057
1527,county,45059
1528,county,45061
1529,county,45063
4883,county,45065
2403,county,45067
1530,county,45069
1531,county,45071
1532,county,45073
1533,county,45075
1534,county,45077
1535,county,45079
4884,county,45081
1536,county,45083
1537,county,45085
1538,county,45087
1539,county,45089
1540,county,45091
1541,county,46000
4885,county,46003
2428,county,46005
4886,county,46007
4887,county,46009
1542,county,46011
1543,county,46013
4888,county,46015
4889,county,46017
2040,county,46019
4890,county,46021
4891,county,46023
4892,county,46025
2126,county,46027
1544,county,46029
4893,county,46031
2320,county,46033
2321,county,46035
4894,county,46037
4895,county,46039
4896,county,46041
4897,county,46043
4898,county,46045
4899,county,46047
4900,county,46049
4901,county,46051
4902,county,46053
4903,county,46055
4904,county,46057
4905,county,46059
2485,county,46061
4906,county,46063
4907,county,46065
4908,county,46067
4909,county,46069
4910,county,46071
4911,county,46073
4912,county,46075
4913,county,46077
2276,county,46079
1545,county,46081
1546,county,46083
4914,county,46085
2478,county,46087
4915,county,46089
4916,county,46091
1547,county,46093
4917,county,46095
4918,county,46097
1548,county,46099
4919,county,46101
4920,county,46102
2220,county,46103
4921,county,46105
4922,county,46107
4923,county,46109
4924,county,46111
5394,county,46113
4925,county,46115
4926,county,46117
4927,county,46119
4928,county,46121
4929,county,46123
4930,county,46125
1549,county,46127
4931,county,46129
2277,county,46135
4932,county,46137
1550,county,47000
1551,county,47001
1552,county,47003
1553,county,47005
1554,county,47007
1555,county,47009
1556,county,47011
1557,county,47013
1558,county,47015
1559,county,47017
1560,county,47019
1561,county,47021
1562,county,47023
1563,county,47025
1564,county,47027
1565,county,47029
1566,county,47031
1567,county,47033
1568,county,47035
1569,county,47037
1570,county,47039
1571,county,47041
1572,county,47043
1573,county,47045
1574,county,47047
1575,county,47049
1576,county,47051
1577,county,47053
1578,county,47055
1579,county,47057
1580,county,47059
1581,county,47061
1582,county,47063
1583,county,47065
2367,county,47067
1584,county,47069
1585,county,47071
1586,county,47073
1587,county,47075
1588,county,47077
1589,county,47079
1590,county,47081
1591,county,47083
2322,county,47085
1592,county,47087
1593,county,47089
2323,county,47091
1594,county,47093
2404,county,47095
2405,county,47097
1595,county,47099
1596,county,47101
2324,county,47103
1597,county,47105
1598,county,47107
1599,county,47109
1600,county,47111
2166,county,47113
1601,county,47115
1602,county,47117
4106,county,47119
4933,county,47121
1603,county,47123
1604,county,47125
4934,county,47127
1605,county,47129
1606,county,47131
1607,county,47133
4935,county,47135
4936,county,47137
1608,county,47139
4115,county,47141
4149,county,47143
1609,county,47145
1610,county,47147
1611,county,47149
1612,county,47151
4937,county,47153
1613,county,47155
1614,county,47157
1615,county,47159
1616,county,47161
1617,county,47163
1618,county,47165
1619,county,47167
4938,county,47169
1620,county,47171
4939,county,47173
2192,county,47175
4150,county,47177
1621,county,47179
2278,county,47181
1622,county,47183
4170,county,47185
1623,county,47187
4107,county,47189
1624,county,48000
1625,county,48001
1626,county,48003
1627,county,48005
1628,county,48007
1629,county,48009
2141,county,48011
1630,county,48013
1631,county,48015
2406,county,48017
1632,county,48019
1633,county,48021
2279,county,48023
1634,county,48025
1635,county,48027
1636,county,48029
1637,county,48031
2167,county,48033
1638,county,48035
1639,county,48037
1640,county,48039
1641,county,48041
2452,county,48043
4940,county,48045
1642,county,48047
1643,county,48049
1644,county,48051
1645,county,48053
1646,county,48055
1647,county,48057
1648,county,48059
1649,county,48061
1650,county,48063
1651,county,48065
1652,county,48067
1653,county,48069
1654,county,48071
1655,county,48073
2325,county,48075
1656,county,48077
1657,county,48079
1658,county,48081
2479,county,48083
1659,county,48085
2326,county,48087
1660,county,48089
1661,county,48091
1662,county,48093
2327,county,48095
1663,county,48097
1664,county,48099
4941,county,48101
1665,county,48103
2280,county,48105
1666,county,48107
2453,county,48109
2061,county,48111
1667,county,48113
1668,county,48115
4942,county,48117
1669,county,48119
1670,county,48121
1671,county,48123
2193,county,48125
1672,county,48127
2454,county,48129
1673,county,48131
1674,county,48133
1675,county,48135
1676,county,48137
1677,county,48139
1678,county,48141
1679,county,48143
1680,county,48145
1681,county,48147
1682,county,48149
1683,county,48151
2486,county,48153
4943,county,48155
1684,county,48157
1685,county,48159
1686,county,48161
1687,county,48163
1688,county,48165
1689,county,48167
4944,county,48169
1690,county,48171
1691,county,48173
1692,county,48175
1693,county,48177
1694,county,48179
1695,county,48181
1696,county,48183
1697,county,48185
1698,county,48187
1699,county,48189
4945,county,48191
4946,county,48193
4947,county,48195
4948,county,48197
1700,county,48199
1701,county,48201
1702,county,48203
4949,county,48205
2221,county,48207
1703,county,48209
2487,county,48211
1704,county,48213
1705,county,48215
1706,county,48217
1707,county,48219
1708,county,48221
1709,county,48223
1710,county,48225
4176,county,48227
4950,county,48229
1711,county,48231
1712,county,48233
1713,county,48235
1714,county,48237
1715,county,48239
1716,county,48241
4951,county,48243
1717,county,48245
1718,county,48247
1719,county,48249
1720,county,48251
1721,county,48253
4952,county,48255
1722,county,48257
2168,county,48259
4953,county,48261
1723,county,48263
2108,county,48265
2455,county,48267
4954,county,48269
2407,county,48271
1724,county,48273
2456,county,48275
1725,county,48277
4955,county,48279
4956,county,48281
1726,county,48283
1727,county,48285
1728,county,48287
1729,county,48289
1730,county,48291
1731,county,48293
4957,county,48295
1732,county,48297
2127,county,48299
4958,county,48301
1733,county,48303
4959,county,48305
2109,county,48307
1734,county,48309
4960,county,48311
1735,county,48313
2368,county,48315
1736,county,48317
4961,county,48319
1737,county,48321
1738,county,48323
1739,county,48325
4962,county,48327
1740,county,48329
1741,county,48331
4963,county,48333
2169,county,48335
1742,county,48337
1743,county,48339
1744,county,48341
2041,county,48343
4964,county,48345
1745,county,48347
1746,county,48349
1747,county,48351
4965,county,48353
1748,county,48355
2369,county,48357
2114,county,48359
1749,county,48361
1750,county,48363
1751,county,48365
1752,county,48367
2170,county,48369
1753,county,48371
1754,county,48373
1755,county,48375
2194,county,48377
1756,county,48379
1757,county,48381
2480,county,48383
4966,county,48385
2021,county,48387
1758,county,48389
1759,county,48391
4967,county,48393
2171,county,48395
4173,county,48397
2056,county,48399
1760,county,48401
1761,county,48403
1762,county,48405
1763,county,48407
1764,county,48409
4968,county,48411
2495,county,48413
4969,county,48415
2281,county,48417
2370,county,48419
4970,county,48421
1765,county,48423
4971,county,48425
1766,county,48427
2195,county,48429
4972,county,48431
4973,county,48433
4974,county,48435
2496,county,48437
1767,county,48439
1768,county,48441
4975,county,48443
1769,county,48445
4976,county,48447
1770,county,48449
1771,county,48451
1772,county,48453
2128,county,48455
1773,county,48457
1774,county,48459
2142,county,48461
1775,county,48463
4977,county,48465
1776,county,48467
1777,county,48469
1778,county,48471
1779,county,48473
1780,county,48475
4978,county,48477
1781,county,48479
1782,county,48481
4979,county,48483
1783,county,48485
2064,county,48487
1784,county,48489
1785,county,48491
2328,county,48493
1786,county,48495
1787,county,48497
1788,county,48499
4980,county,48501
2282,county,48503
1789,county,48505
2408,county,48507
1790,county,49000
4981,county,49001
1791,county,49003
1792,county,49005
2488,county,49007
4982,county,49009
1793,county,49011
1794,county,49013
4983,county,49015
4984,county,49017
4985,county,49019
1795,county,49021
4986,county,49023
4987,county,49025
4988,county,49027
2196,county,49029
4989,county,49031
4990,county,49033
1796,county,49035
4991,county,49037
1797,county,49039
2283,county,49041
1798,county,49043
1799,county,49045
1800,county,49047
1801,county,49049
2284,county,49051
1802,county,49053
4992,county,49055
1803,county,49057
1804,county,50000
1805,county,50001
1806,county,50003
1807,county,50005
1808,county,50007
4993,county,50009
1809,county,50011
4101,county,50013
2074,county,50015
1810,county,50017
4102,county,50019
1811,county,50021
1812,county,50023
1813,county,50025
1814,county,50027
1815,county,51000
1816,county,51001
1817,county,51003
1818,county,51005
1819,county,51007
1820,county,51009
1821,county,51011
1822,county,51013
1823,county,51015
2092,county,51017
1824,county,51019
1825,county,51021
1826,county,51023
1827,county,51025
1828,county,51027
1829,county,51029
1830,county,51031
1831,county,51033
1832,county,51035
1833,county,51036
1834,county,51037
1835,county,51041
1836,county,51043
4994,county,51045
1837,county,51047
1838,county,51049
1839,county,51051
1840,county,51053
2457,county,51057
1841,county,51059
1842,county,51061
1843,county,51063
1844,county,51065
1845,county,51067
1846,county,51069
2285,county,51071
1847,county,51073
1848,county,51075
1849,county,51077
2458,county,51079
4995,county,51081
1850,county,51083
1851,county,51085
1852,county,51087
1853,county,51089
4996,county,51091
1854,county,51093
1855,county,51095
2172,county,51097
1856,county,51099
1857,county,51101
1858,county,51103
1859,county,51105
1860,county,51107
4151,county,51109
1861,county,51111
1862,county,51113
2409,county,51115
2057,county,51117
2371,county,51119
1863,county,51121
2429,county,51125
1864,county,51127
2286,county,51131
2410,county,51133
2411,county,51135
1865,county,51137
1866,county,51139
1867,county,51141
1868,county,51143
4997,county,51145
4998,county,51147
1869,county,51149
1870,county,51153
1871,county,51155
4999,county,51157
2197,county,51159
1872,county,51161
1873,county,51163
1874,county,51165
1875,county,51167
1876,county,51169
1877,county,51171
1878,county,51173
2042,county,51175
1879,county,51177
1880,county,51179
2430,county,51181
5000,county,51183
1881,county,51185
4131,county,51187
1882,county,51191
1883,county,51193
1884,county,51195
1885,county,51197
1886,county,51199
1887,county,51510
5395,county,51515
1888,county,51520
5001,county,51530
4132,county,51540
1889,county,51550
5002,county,51570
5003,county,51580
4152,county,51590
5004,county,51595
5005,county,51600
5006,county,51610
5007,county,51620
4165,county,51630
5008,county,51640
1890,county,51650
4133,county,51660
5009,county,51670
5010,county,51678
4116,county,51680
4153,county,51683
5011,county,51685
5012,county,51690
1891,county,51700
1892,county,51710
5013,county,51720
4169,county,51730
5014,county,51735
1893,county,51740
5015,county,51750
1894,county,51760
1895,county,51770
5016,county,51775
4166,county,51790
1896,county,51800
1897,county,51810
5017,county,51820
5018,county,51830
4154,county,51840
1898,county,53000
2412,county,53001
2489,county,53003
1899,county,53005
1900,county,53007
1901,county,53009
1902,county,53011
2490,county,53013
1903,county,53015
2222,county,53017
5019,county,53019
1904,county,53021
5020,county,53023
1905,county,53025
1906,county,53027
1907,county,53029
1908,county,53031
1909,county,53033
1910,county,53035
1911,county,53037
1912,county,53039
1913,county,53041
1914,county,53043
1915,county,53045
2372,county,53047
1916,county,53049
1917,county,53051
1918,county,53053
1919,county,53055
1920,county,53057
2329,county,53059
1921,county,53061
1922,county,53063
2173,county,53065
1923,county,53067
2373,county,53069
1924,county,53071
1925,county,53073
2330,county,53075
1926,county,53077
1927,county,54000
1928,county,54001
1929,county,54003
2043,county,54005
2331,county,54007
1930,county,54009
1931,county,54011
2332,county,54013
2374,county,54015
2333,county,54017
1932,county,54019
5021,county,54021
2044,county,54023
1933,county,54025
1934,county,54027
2129,county,54029
5022,county,54031
1935,county,54033
1936,county,54035
1937,county,54037
1938,county,54039
2375,county,54041
2174,county,54043
1939,county,54045
2175,county,54047
1940,county,54049
1941,county,54051
1942,county,54053
1943,county,54055
1944,county,54057
2376,county,54059
1945,county,54061
2045,county,54063
5023,county,54065
2130,county,54067
2498,county,54069
5024,county,54071
2377,county,54073
2131,county,54075
1946,county,54077
1947,county,54079
1948,county,54081
2058,county,54083
2459,county,54085
5025,county,54087
5026,county,54089
5027,county,54091
5028,county,54093
2095,county,54095
4155,county,54097
1949,county,54099
5029,county,54101
5030,county,54103
5031,county,54105
1950,county,54107
2431,county,54109
1951,county,55000
1952,county,55001
1953,county,55003
1954,county,55005
1955,county,55007
1956,county,55009
1957,county,55011
1958,county,55013
1959,county,55015
1960,county,55017
1961,county,55019
1962,county,55021
1963,county,55023
1964,county,55025
1965,county,55027
1966,county,55029
1967,county,55031
1968,county,55033
1969,county,55035
1970,county,55037
1971,county,55039
1972,county,55041
1973,county,55043
1974,county,55045
1975,county,55047
2223,county,55049
2413,county,55051
2046,county,55053
1976,county,55055
1977,county,55057
1978,county,55059
2047,county,55061
1979,county,55063
2176,county,55065
1980,county,55067
1981,county,55069
1982,county,55071
1983,county,55073
1984,county,55075
1985,county,55077
1986,county,55078
1987,county,55079
2378,county,55081
1988,county,55083
1989,county,55085
1990,county,55087
1991,county,55089
5032,county,55091
1992,county,55093
1993,county,55095
1994,county,55097
1995,county,55099
1996,county,55101
1997,county,55103
1998,county,55105
2086,county,55107
1999,county,55109
2460,county,55111
2000,county,55113
2001,county,55115
2002,county,55117
5033,county,55119
2334,county,55121
5034,county,55123
2224,county,55125
2003,county,55127
5035,county,55129
2004,county,55131
2005,county,55133
2006,county,55135
2007,county,55137
2008,county,55139
2009,county,55141
2010,county,56000
2011,county,56001
2012,county,56003
2013,county,56005
2014,county,56007
2198,county,56009
5036,county,56011
2015,county,56013
2287,county,56015
5037,county,56017
2461,county,56019
2016,county,56021
2288,county,56023
2017,county,56025
5038,county,56027
2225,county,56029
2226,county,56031
2018,county,56033
5039,county,56035
2019,county,56037
2020,county,56039
2094,county,56041
5040,county,56043
5041,county,56045
5412,county,60000
5334,county,60010
5411,county,60020
5335,county,60050
5378,county,66000
5250,county,66010
5380,county,69000
5377,county,69100
5251,county,69110
5252,county,69120
5246,county,70002
5247,county,70003
3237,county,72000
5253,county,72001
5254,county,72003
5255,county,72005
5256,county,72007
5257,county,72009
5258,county,72011
5259,county,72013
5260,county,72015
5261,county,72017
5262,county,72019
5263,county,72021
5264,county,72023
5265,county,72025
5266,county,72027
5267,county,72029
5268,county,72031
5269,county,72033
5270,county,72035
5271,county,72037
5272,county,72039
5273,county,72041
5274,county,72043
5275,county,72045
5276,county,72047
5277,county,72049
5278,county,72051
5279,county,72053
5280,county,72054
5281,county,72055
5282,county,72057
5283,county,72059
5284,county,72061
5285,county,72063
5286,county,72065
5287,county,72067
5288,county,72069
5289,county,72071
5290,county,72073
5291,county,72075
5292,county,72077
5293,county,72079
5294,county,72081
5295,county,72083
5296,county,72085
5297,county,72087
5298,county,72089
5299,county,72091
5300,county,72093
5301,county,72095
5302,county,72097
5303,county,72099
5304,county,72101
5305,county,72103
5306,county,72105
5307,county,72107
5308,county,72109
5309,county,72111
5310,county,72113
5311,county,72115
5312,county,72117
5313,county,72119
5314,county,72121
5315,county,72123
5316,county,72125
5317,county,72127
5318,county,72129
5319,county,72131
5320,county,72133
5321,county,72135
5322,county,72137
5323,county,72139
5324,county,72141
5325,county,72143
5326,county,72145
5327,county,72147
5328,county,72149
5329,county,72151
5330,county,72153
5413,county,72888
5414,county,72999
5379,county,78000
5331,county,78010
5332,county,78020
5333,county,78030
4223,dma,500
4224,dma,501
4225,dma,502
4226,dma,503
4227,dma,504
4228,dma,505
4229,dma,506
4230,dma,507
4231,dma,508
4232,dma,509
4233,dma,510
4234,dma,511
4235,dma,512
4236,dma,513
4237,dma,514
4238,dma,515
4239,dma,516
4240,dma,517
4241,dma,518
4242,dma,519
4243,dma,520
4244,dma,521
4245,dma,522
4246,dma,523
4247,dma,524
4248,dma,525
4249,dma,526
4250,dma,527
4251,dma,528
4252,dma,529
4253,dma,530
4254,dma,531
4255,dma,532
4256,dma,533
4257,dma,534
4258,dma,535
4259,dma,536
4260,dma,537
4261,dma,538
4262,dma,539
4263,dma,540
4264,dma,541
4265,dma,542
4266,dma,543
4267,dma,544
4268,dma,545
4269,dma,546
4270,dma,547
4271,dma,548
4272,dma,549
4273,dma,550
4274,dma,551
4275,dma,552
4276,dma,553
4277,dma,554
4278,dma,555
4279,dma,556
4280,dma,557
4281,dma,558
4282,dma,559
4283,dma,560
4284,dma,561
4285,dma,563
4286,dma,564
4287,dma,565
4288,dma,566
4289,dma,567
4290,dma,569
4291,dma,570
4292,dma,571
4293,dma,573
4294,dma,574
4295,dma,575
4296,dma,576
4297,dma,577
4298,dma,581
4299,dma,582
4300,dma,583
4301,dma,584
4302,dma,588
4303,dma,592
4304,dma,596
4305,dma,597
4306,dma,598
4307,dma,600
4308,dma,602
4309,dma,603
4310,dma,604
4311,dma,605
4312,dma,606
4313,dma,609
4314,dma,610
4315,dma,611
4316,dma,612
4317,dma,613
4318,dma,616
4319,dma,617
4320,dma,618
4321,dma,619
4322,dma,622
4323,dma,623
4324,dma,624
4325,dma,625
4326,dma,626
4327,dma,627
4328,dma,628
4329,dma,630
4330,dma,631
4331,dma,632
4332,dma,633
4333,dma,634
4334,dma,635
4335,dma,636
4336,dma,637
4337,dma,638
4338,dma,639
4339,dma,640
4340,dma,641
4341,dma,642
4342,dma,643
4343,dma,644
4344,dma,647
4345,dma,648
4346,dma,649
4347,dma,650
4348,dma,651
4349,dma,652
4350,dma,656
4351,dma,657
4352,dma,658
4353,dma,659
4354,dma,661
4355,dma,662
4356,dma,669
4357,dma,670
4358,dma,671
4359,dma,673
4360,dma,675
4361,dma,676
4362,dma,678
4363,dma,679
4364,dma,682
4365,dma,686
4366,dma,687
4367,dma,691
4368,dma,692
4369,dma,693
4370,dma,698
4371,dma,702
4372,dma,705
4373,dma,709
4374,dma,710
4375,dma,711
4376,dma,716
4377,dma,717
4378,dma,718
4379,dma,722
4380,dma,724
4381,dma,725
4382,dma,734
4383,dma,736
4384,dma,737
4385,dma,740
4386,dma,743
4387,dma,744
4388,dma,745
4389,dma,746
4390,dma,747
4391,dma,749
4392,dma,751
4393,dma,752
4394,dma,753
4395,dma,754
4396,dma,755
4397,dma,756
4398,dma,757
4399,dma,758
4400,dma,759
4401,dma,760
4402,dma,762
4403,dma,764
4404,dma,765
4405,dma,766
4406,dma,767
4407,dma,770
4408,dma,771
4409,dma,773
4410,dma,789
4411,dma,790
4412,dma,798
4413,dma,800
4414,dma,801
4415,dma,802
4416,dma,803
4417,dma,804
4418,dma,807
4419,dma,810
4420,dma,811
4421,dma,813
4422,dma,819
4423,dma,820
4424,dma,821
4425,dma,825
4426,dma,828
4427,dma,839
4428,dma,855
4429,dma,862
4430,dma,866
4431,dma,868
4432,dma,881
5396,hhs,1
5397,hhs,10
5398,hhs,2
5399,hhs,3
5400,hhs,4
5401,hhs,5
5402,hhs,6
5403,hhs,7
5404,hhs,8
5405,hhs,9
2500,hrr,1
2501,hrr,10
2502,hrr,101
2503,hrr,102
2504,hrr,103
2505,hrr,104
2506,hrr,105
2507,hrr,106
2508,hrr,107
2509,hrr,109
2510,hrr,11
2511,hrr,110
2512,hrr,111
2513,hrr,112
2514,hrr,113
2515,hrr,115
2516,hrr,116
2517,hrr,118
2518,hrr,119
2519,hrr,12
2520,hrr,120
2521,hrr,122
2522,hrr,123
2523,hrr,124
2524,hrr,127
2525,hrr,129
2526,hrr,130
2527,hrr,131
2528,hrr,133
2529,hrr,134
2530,hrr,137
2531,hrr,139
2532,hrr,14
2533,hrr,140
2534,hrr,141
2535,hrr,142
2536,hrr,144
2537,hrr,145
2538,hrr,146
2539,hrr,147
2540,hrr,148
2541,hrr,149
2542,hrr,15
2543,hrr,150
2544,hrr,151
2545,hrr,152
2546,hrr,154
2547,hrr,155
2548,hrr,156
2549,hrr,158
2550,hrr,16
2551,hrr,161
2552,hrr,163
2553,hrr,164
2554,hrr,166
2555,hrr,170
2556,hrr,171
2557,hrr,172
2558,hrr,173
2559,hrr,175
2560,hrr,179
2561,hrr,18
2562,hrr,180
2563,hrr,181
2564,hrr,183
2565,hrr,184
2566,hrr,185
2567,hrr,186
2568,hrr,187
2569,hrr,188
2570,hrr,19
2571,hrr,190
2572,hrr,191
2573,hrr,192
2574,hrr,193
2575,hrr,194
2576,hrr,195
2577,hrr,196
2578,hrr,197
2579,hrr,2
2580,hrr,200
2581,hrr,201
2582,hrr,203
2583,hrr,204
2584,hrr,205
2585,hrr,207
2586,hrr,208
2587,hrr,209
2588,hrr,21
2589,hrr,210
2590,hrr,212
2591,hrr,213
2592,hrr,214
2593,hrr,216
2594,hrr,217
2595,hrr,218
2596,hrr,219
2597,hrr,22
2598,hrr,220
2599,hrr,221
2600,hrr,222
2601,hrr,223
2602,hrr,225
2603,hrr,226
2604,hrr,227
2605,hrr,23
2606,hrr,230
2607,hrr,231
2608,hrr,232
2609,hrr,233
2610,hrr,234
2611,hrr,235
2612,hrr,236
2613,hrr,238
2614,hrr,239
2615,hrr,240
2616,hrr,242
2617,hrr,243
2618,hrr,244
2619,hrr,245
2620,hrr,246
2621,hrr,248
2622,hrr,249
2623,hrr,25
2624,hrr,250
2625,hrr,251
2626,hrr,253
2627,hrr,254
2628,hrr,256
2629,hrr,257
2630,hrr,258
2631,hrr,259
2632,hrr,260
2633,hrr,261
2634,hrr,262
2635,hrr,263
2636,hrr,264
2637,hrr,267
2638,hrr,268
2639,hrr,270
2640,hrr,273
2641,hrr,274
2642,hrr,275
2643,hrr,276
2644,hrr,277
2645,hrr,278
2646,hrr,279
2647,hrr,280
2648,hrr,281
2649,hrr,282
2650,hrr,283
2651,hrr,284
2652,hrr,285
2653,hrr,288
2654,hrr,289
2655,hrr,291
2656,hrr,292
2657,hrr,293
2658,hrr,295
2659,hrr,296
2660,hrr,297
2661,hrr,299
2662,hrr,300
2663,hrr,301
2664,hrr,303
2665,hrr,304
2666,hrr,307
2667,hrr,308
2668,hrr,309
2669,hrr,31
2670,hrr,311
2671,hrr,312
2672,hrr,313
2673,hrr,314
2674,hrr,315
2675,hrr,318
2676,hrr,319
2677,hrr,320
2678,hrr,321
2679,hrr,322
2680,hrr,323
2681,hrr,324
2682,hrr,325
2683,hrr,326
2684,hrr,327
2685,hrr,328
2686,hrr,329
2687,hrr,33
2688,hrr,330
2689,hrr,331
2690,hrr,332
2691,hrr,334
2692,hrr,335
2693,hrr,336
2694,hrr,339
2695,hrr,340
2696,hrr,341
2697,hrr,342
2698,hrr,343
2699,hrr,344
2700,hrr,345
2701,hrr,346
2702,hrr,347
2703,hrr,350
2704,hrr,351
2705,hrr,352
2706,hrr,354
2707,hrr,355
2708,hrr,356
2709,hrr,357
2710,hrr,358
2711,hrr,359
2712,hrr,360
2713,hrr,362
2714,hrr,363
2715,hrr,364
2716,hrr,365
2717,hrr,366
2718,hrr,367
2719,hrr,368
2720,hrr,369
2721,hrr,370
2722,hrr,371
2723,hrr,373
2724,hrr,374
2725,hrr,375
2726,hrr,376
2727,hrr,377
2728,hrr,379
2729,hrr,380
2730,hrr,382
2731,hrr,383
2732,hrr,385
2733,hrr,386
2734,hrr,388
2735,hrr,390
2736,hrr,391
2737,hrr,393
2738,hrr,394
2739,hrr,396
2740,hrr,397
2741,hrr,399
2742,hrr,400
2743,hrr,402
2744,hrr,406
2745,hrr,411
2746,hrr,412
2747,hrr,413
2748,hrr,416
2749,hrr,417
2750,hrr,418
2751,hrr,420
2752,hrr,421
2753,hrr,422
2754,hrr,423
2755,hrr,424
2756,hrr,426
2757,hrr,427
2758,hrr,428
2759,hrr,429
2760,hrr,43
2761,hrr,430
2762,hrr,431
2763,hrr,432
2764,hrr,435
2765,hrr,437
2766,hrr,438
2767,hrr,439
2768,hrr,440
2769,hrr,441
2770,hrr,442
2771,hrr,443
2772,hrr,444
2773,hrr,445
2774,hrr,446
2775,hrr,447
2776,hrr,448
2777,hrr,449
2778,hrr,450
2779,hrr,451
2780,hrr,452
2781,hrr,456
2782,hrr,457
2783,hrr,5
2784,hrr,56
2785,hrr,58
2786,hrr,6
2787,hrr,62
2788,hrr,65
2789,hrr,69
2790,hrr,7
2791,hrr,73
2792,hrr,77
2793,hrr,78
2794,hrr,79
2795,hrr,80
2796,hrr,81
2797,hrr,82
2798,hrr,83
2799,hrr,85
2800,hrr,86
2801,hrr,87
2802,hrr,89
2803,hrr,9
2804,hrr,91
2805,hrr,96
2806,msa,10180
5381,msa,10380
2807,msa,10420
2808,msa,10500
2809,msa,10540
2810,msa,10580
2811,msa,10740
2812,msa,10780
2813,msa,10900
2814,msa,11020
2815,msa,11100
2816,msa,11180
2817,msa,11260
2818,msa,11460
2819,msa,11500
2820,msa,11540
5382,msa,11640
2821,msa,11700
2822,msa,12020
2823,msa,12060
2824,msa,12100
2825,msa,12220
2826,msa,12260
2827,msa,12420
2828,msa,12540
2829,msa,12580
2830,msa,12620
2831,msa,12700
2832,msa,12940
2833,msa,12980
2834,msa,13020
2835,msa,13140
2836,msa,13220
2837,msa,13380
2838,msa,13460
2839,msa,13740
2840,msa,13780
2841,msa,13820
2842,msa,13900
2843,msa,13980
2844,msa,14010
2845,msa,14020
2846,msa,14100
2847,msa,14260
2848,msa,14460
2849,msa,14500
2850,msa,14540
2851,msa,14740
2852,msa,14860
2853,msa,15180
2854,msa,15260
2855,msa,15380
2856,msa,15500
2857,msa,15540
2858,msa,15680
2859,msa,15940
2860,msa,15980
2861,msa,16020
2862,msa,16060
3239,msa,16180
2863,msa,16220
2864,msa,16300
2865,msa,16540
2866,msa,16580
2867,msa,16620
2868,msa,16700
2869,msa,16740
2870,msa,16820
2871,msa,16860
2872,msa,16940
2873,msa,16980
2874,msa,17020
2875,msa,17140
2876,msa,17300
2877,msa,17420
2878,msa,17460
2879,msa,17660
2880,msa,17780
2881,msa,17820
2882,msa,17860
2883,msa,17900
2884,msa,17980
2885,msa,18020
2886,msa,18140
2887,msa,18580
2888,msa,18700
2889,msa,18880
2890,msa,19060
2891,msa,19100
2892,msa,19140
2893,msa,19180
2894,msa,19300
2895,msa,19340
2896,msa,19430
2897,msa,19460
2898,msa,19500
2899,msa,19660
2900,msa,19740
2901,msa,19780
2902,msa,19820
2903,msa,20020
2904,msa,20100
2905,msa,20220
2906,msa,20260
2907,msa,20500
2908,msa,20700
2909,msa,20740
2910,msa,20940
2911,msa,21060
2912,msa,21140
2913,msa,21300
2914,msa,21340
2915,msa,21420
2916,msa,21500
2917,msa,21660
2918,msa,21780
3184,msa,21820
2919,msa,22020
2920,msa,22140
2921,msa,22180
2922,msa,22220
2923,msa,22380
2924,msa,22420
2925,msa,22500
2926,msa,22520
2927,msa,22540
2928,msa,22660
2929,msa,22900
2930,msa,23060
2931,msa,23420
2932,msa,23460
2933,msa,23540
2934,msa,23580
2935,msa,23900
2936,msa,24020
2937,msa,24140
2938,msa,24220
2939,msa,24260
2940,msa,24300
2941,msa,24340
3185,msa,24420
2942,msa,24500
2943,msa,24540
2944,msa,24580
2945,msa,24660
2946,msa,24780
2947,msa,24860
5383,msa,25020
2948,msa,25060
2949,msa,25180
2950,msa,25220
2951,msa,25260
2952,msa,25420
5384,msa,25500
2953,msa,25540
2954,msa,25620
2955,msa,25860
2956,msa,25940
2957,msa,25980
2958,msa,26140
2959,msa,26300
2960,msa,26380
2961,msa,26420
2962,msa,26580
2963,msa,26620
2964,msa,26820
2965,msa,26900
2966,msa,26980
2967,msa,27060
2968,msa,27100
2969,msa,27140
2970,msa,27180
2971,msa,27260
2972,msa,27340
2973,msa,27500
2974,msa,27620
2975,msa,27740
2976,msa,27780
2977,msa,27860
2978,msa,27900
5385,msa,27980
2979,msa,28020
2980,msa,28100
2981,msa,28140
2982,msa,28420
2983,msa,28660
2984,msa,28700
2985,msa,28740
2986,msa,28940
2987,msa,29020
2988,msa,29100
2989,msa,29180
2990,msa,29200
2991,msa,29340
2992,msa,29420
2993,msa,29460
2994,msa,29540
2995,msa,29620
2996,msa,29700
2997,msa,29740
2998,msa,29820
2999,msa,29940
3000,msa,30020
3001,msa,30140
3002,msa,30300
3003,msa,30340
3004,msa,30460
3005,msa,30620
3006,msa,30700
3007,msa,30780
3008,msa,30860
3009,msa,30980
3010,msa,31020
3011,msa,31080
3012,msa,31140
3013,msa,31180
3014,msa,31340
3015,msa,31420
3016,msa,31460
3017,msa,31540
3018,msa,31700
3019,msa,31740
3020,msa,31860
3021,msa,31900
5386,msa,32420
3022,msa,32580
3023,msa,32780
3024,msa,32820
3025,msa,32900
3026,msa,33100
3027,msa,33140
3183,msa,33220
3028,msa,33260
3029,msa,33340
3030,msa,33460
3031,msa,33540
3032,msa,33660
3033,msa,33700
3034,msa,33740
3035,msa,33780
3036,msa,33860
3037,msa,34060
3038,msa,34100
3039,msa,34580
3040,msa,34620
3041,msa,34740
3042,msa,34820
3043,msa,34900
3044,msa,34940
3045,msa,34980
3046,msa,35100
3047,msa,35300
3048,msa,35380
3049,msa,35620
3050,msa,35660
3051,msa,35840
3052,msa,35980
3053,msa,36100
3054,msa,36140
3055,msa,36220
3056,msa,36260
3057,msa,36420
3058,msa,36500
3059,msa,36540
3060,msa,36740
3061,msa,36780
3062,msa,36980
3063,msa,37100
3064,msa,37340
3065,msa,37460
3066,msa,37620
3067,msa,37860
3068,msa,37900
3069,msa,37980
3070,msa,38060
3071,msa,38220
3072,msa,38300
3073,msa,38340
3074,msa,38540
5387,msa,38660
3075,msa,38860
3076,msa,38900
3077,msa,38940
3078,msa,39100
3079,msa,39150
3080,msa,39300
3081,msa,39340
3082,msa,39380
3083,msa,39460
3084,msa,39540
3085,msa,39580
3086,msa,39660
3087,msa,39740
3088,msa,39820
3089,msa,39900
3090,msa,40060
3091,msa,40140
3092,msa,40220
3093,msa,40340
3094,msa,40380
3095,msa,40420
3096,msa,40580
3097,msa,40660
3098,msa,40900
3099,msa,40980
3100,msa,41060
3101,msa,41100
3102,msa,41140
3103,msa,41180
3104,msa,41420
3105,msa,41500
3106,msa,41540
3107,msa,41620
3108,msa,41660
3109,msa,41700
3110,msa,41740
3111,msa,41860
5388,msa,41900
3112,msa,41940
4178,msa,41980
3113,msa,42020
3114,msa,42100
3115,msa,42140
3116,msa,42200
3117,msa,42220
3118,msa,42340
3119,msa,42540
3120,msa,42660
3121,msa,42680
3122,msa,42700
3123,msa,43100
3124,msa,43300
3125,msa,43340
3126,msa,43420
3127,msa,43580
3128,msa,43620
3129,msa,43780
3130,msa,43900
3131,msa,44060
3132,msa,44100
3133,msa,44140
3134,msa,44180
3135,msa,44220
3136,msa,44300
5389,msa,44420
3137,msa,44700
3138,msa,44940
3139,msa,45060
3140,msa,45220
3141,msa,45300
3142,msa,45460
3143,msa,45500
3144,msa,45540
3145,msa,45780
3146,msa,45820
3147,msa,45940
3148,msa,46060
3149,msa,46140
3150,msa,46220
3151,msa,46300
3152,msa,46340
3153,msa,46520
3154,msa,46540
3155,msa,46660
3156,msa,46700
3157,msa,47020
3158,msa,47220
3159,msa,47260
3160,msa,47300
3161,msa,47380
3162,msa,47460
3163,msa,47580
3164,msa,47900
3165,msa,47940
3166,msa,48060
3167,msa,48140
3168,msa,48260
3169,msa,48300
3170,msa,48540
3171,msa,48620
3172,msa,48660
3173,msa,48700
3174,msa,48900
3175,msa,49020
3176,msa,49180
3177,msa,49340
3178,msa,49420
5390,msa,49500
3179,msa,49620
3180,msa,49660
3181,msa,49700
3182,msa,49740
5406,nation,us
3186,state,ak
3187,state,al
3188,state,ar
5339,state,as
3189,state,az
3190,state,ca
3191,state,co
3192,state,ct
3193,state,dc
3194,state,de
3195,state,fl
3196,state,ga
5336,state,gu
3197,state,hi
3198,state,ia
3199,state,id
3200,state,il
3201,state,in
3202,state,ks
3203,state,ky
3204,state,la
3205,state,ma
3206,state,md
3207,state,me
3208,state,mi
3209,state,mn
3210,state,mo
5337,state,mp
3211,state,ms
3212,state,mt
3213,state,nc
3214,state,nd
3215,state,ne
3216,state,nh
3217,state,nj
3218,state,nm
3219,state,nv
3220,state,ny
3221,state,oh
3222,state,ok
3223,state,or
3224,state,pa
3240,state,pr
3225,state,ri
3226,state,sc
3227,state,sd
3228,state,tn
3229,state,tx
3230,state,ut
3231,state,va
5338,state,vi
3232,state,vt
3233,state,wa
3234,state,wi
3235,state,wv
3236,state,wy
